ID_Registro,Codigo_Sesion,Perfil,Rol_Contexto,Fuente,Timestamp,Fragmento,Codigo,Codigo_Normalizado,Codigo_Axial,Categoria,Hallazgo_Interpretado,Tipo_Requisito,Requisito_Derivado,Aplicable_Explicabilidad,Dimension_Explicabilidad,Confianza_Codificacion,ID_Evidencia,Codificador,Estado_Analisis,Observaciones
WALK-NTEC-01-F008,WALK-NTEC-01,No tecnico,Instructor/entrenador,WALK-NTEC-01_Transcripcion_Anonimizada.txt,16:21-17:13,...se ve fácil... añadir hasta nuevas rutinas... aunque... necesitaría ver con cuál rutina es que debería empezar...,RUT_GUIA_INICIAL,RUT_GUIA_EXPLICATIVA,RUT,Rutinas y personalizacion,"Aunque el sistema es fácil, el instructor identifica necesidad de orientación para escoger una rutina inicial.",RNF,El módulo de rutinas deberá mostrar una orientación inicial que permita identificar qué rutina iniciar según el contexto disponible.,Si,Comprensibilidad/justificacion,Media,WALK-NTEC-01,Equipo_FabroGym,CODIFICADO_POST_OSF,Pertinente a explicabilidad por necesidad explícita de orientación; no demuestra evaluación de un recomendador IA.
WALK-NTEC-03-F003,WALK-NTEC-03,No tecnico,Dueno del gimnasio,WALK-NTEC-03_Transcripcion_Anonimizada.txt,12:33-13:05,Las rutinas... ¿son visualizadas de forma general... o puedo especificar...? ...me parece mejor así... para cada persona.,RUT_PERSONALIZADA,RUT_PERSONALIZACION,RUT,Rutinas y personalizacion,El dueño valora asignación individual además de clases grupales.,RF,El sistema deberá permitir asignar rutinas individuales por cliente y rutinas grupales cuando corresponda.,Si,Personalizacion/transparencia,Media,WALK-NTEC-03,Equipo_FabroGym,CODIFICADO_POST_OSF,Pertinente como base de personalización; por sí solo no exige explicación del porqué.
WALK-TEC-01-F003,WALK-TEC-01,Tecnico,Ingenieria de software,WALK-TEC-01_Transcripcion_Anonimizada.txt,10:23-11:28,...debería visualizar... la lista... observaciones... fecha y hora... un registro previo... ¿dónde yo veo... mi propia rutina?... tener un registro...,RUT_CONSULTA_HISTORIAL,RUT_CONSULTA_HISTORIAL,RUT,Rutinas y personalizacion,Se requiere consulta de rutina propia con detalle e historial.,RF,"El cliente deberá poder consultar su rutina vigente, ejercicios, observaciones, fecha y un historial de rutinas previas.",Si,Detalle/transparencia,Alta,WALK-TEC-01,Equipo_FabroGym,CODIFICADO_POST_OSF,Fragmento directamente relacionado con qué información necesita comprender el usuario sobre su rutina.
WALK-TEC-01-F014,WALK-TEC-01,Tecnico,Ingenieria de software,WALK-TEC-01_Transcripcion_Anonimizada.txt,21:33-21:48,...las rutinas nuevas que me van a poner... un registro... como para consultar.,RUT_CONSULTA_CLIENTE,RUT_CONSULTA_HISTORIAL,RUT,Rutinas y personalizacion,El cliente necesita consultar las nuevas rutinas asignadas.,RF,El cliente deberá poder consultar las rutinas nuevas asignadas sin requerir privilegios de edición.,Si,Accesibilidad/transparencia,Alta,WALK-TEC-01,Equipo_FabroGym,CODIFICADO_POST_OSF,Refuerza la necesidad de acceso a la información de la recomendación/rutina.
WALK-TEC-02-F006,WALK-TEC-02,Tecnico,Ingenieria de software y bases de datos,WALK-TEC-02_Transcripcion_Anonimizada.txt,13:43-15:01,...cada cliente... rutina personalizada... en función de las necesidades... cada quien sigue su propia rutina en función de las recomendaciones del entrenador.,RUT_JUSTIFICACION_OBJETIVO,RUT_OBJETIVO_CONTEXTO,RUT,Rutinas y personalizacion,La rutina debe responder a objetivos/necesidades individuales.,RF,Cada rutina asignada o recomendada deberá asociarse a un cliente y a su objetivo o necesidad registrada.,Si,Justificacion/personalizacion,Alta,WALK-TEC-02,Equipo_FabroGym,CODIFICADO_POST_OSF,Base directa para explicar por qué una rutina es adecuada para un cliente.
WALK-TEC-02-F007,WALK-TEC-02,Tecnico,Ingenieria de software y bases de datos,WALK-TEC-02_Transcripcion_Anonimizada.txt,15:07-15:52,...no todos tenemos los mismos objetivos... hay personas... por salud... rutina muy particular...,RUT_OBJETIVOS_SALUD,RUT_OBJETIVO_CONTEXTO,RUT,Rutinas y personalizacion,Objetivos y condiciones de salud cambian la rutina requerida.,RNF,El componente de recomendación deberá considerar las restricciones y objetivos registrados antes de proponer una rutina.,Si,Justificacion/contexto,Alta,WALK-TEC-02,Equipo_FabroGym,CODIFICADO_POST_OSF,Pertinente al fundamento que debe poder explicarse; tratar datos de salud según política de privacidad.
WALK-TEC-02-F008,WALK-TEC-02,Tecnico,Ingenieria de software y bases de datos,WALK-TEC-02_Transcripcion_Anonimizada.txt,15:58-16:23,...cada cliente tenga su rutina y que la pueda verificar... el entrenador pueda revisar... la valida.,RUT_VALIDACION_ENTRENADOR,RUT_ORIGEN_VALIDACION,RUT,Rutinas y personalizacion,La rutina individual debe ser visible y validada por entrenador.,RNF,Toda rutina propuesta por el componente deberá mostrar su estado de revisión y permitir validación o ajuste por un instructor autorizado.,Si,Procedencia/validacion,Alta,WALK-TEC-02,Equipo_FabroGym,CODIFICADO_POST_OSF,Sustenta explicabilidad mediante estado de validación y responsabilidad humana.
WALK-TEC-02-F009,WALK-TEC-02,Tecnico,Ingenieria de software y bases de datos,WALK-TEC-02_Transcripcion_Anonimizada.txt,16:30-16:56,...clientes... ya con una rutina establecida... por fisioterapeuta... el entrenador... siga las indicaciones...,RUT_ORIGEN_PROFESIONAL,RUT_ORIGEN_VALIDACION,RUT,Rutinas y personalizacion,Puede existir una fuente profesional externa que condiciona la rutina.,RNF,"Cuando exista una indicación profesional registrada, la rutina deberá identificar esa restricción/origen como contexto aplicable sin exponer datos innecesarios.",Si,Procedencia/contexto,Alta,WALK-TEC-02,Equipo_FabroGym,CODIFICADO_POST_OSF,Sustenta necesidad de indicar fuente/contexto de una rutina.
WALK-TEC-03-F014,WALK-TEC-03,Tecnico,Ingenieria de software,WALK-TEC-03_Transcripcion_Anonimizada.txt,34:20-35:10,...¿Cómo el sistema detecta que esta clase tiene que dividirse o que no coja a todos esos?,RUT_LOGICA_ASIGNACION,RUT_GUIA_EXPLICATIVA,RUT,Rutinas y personalizacion,La lógica para asociar clases/rutinas a tipos de clientes debe ser comprensible.,RNF,El sistema deberá mostrar los criterios usados para incluir o excluir clientes de una clase/rutina cuando la asignación sea automática.,Si,Justificacion/logica,Media,WALK-TEC-03,Equipo_FabroGym,CODIFICADO_POST_OSF,"Pregunta técnica sobre lógica de asignación; pertinente a explicabilidad, aunque no evidencia un recomendador ya evaluado."
