ID_Registro,Codigo_Sesion,Perfil,Rol_Contexto,Fuente,Timestamp,Fragmento,Codigo,Codigo_Normalizado,Codigo_Axial,Categoria,Hallazgo_Interpretado,Tipo_Requisito,Requisito_Derivado,Aplicable_Explicabilidad,Dimension_Explicabilidad,Confianza_Codificacion,Codificador,Observaciones_Codificador
WALK-NTEC-01-F002,WALK-NTEC-01,No tecnico,Instructor/entrenador,WALK-NTEC-01_Transcripcion_Anonimizada.txt,12:03-12:57,...de las rutinas... poder agregar más cosas que uno va aprendiendo... facilita más las cosas...,RUT_AJUSTE_CONTENIDO,RUT_PERSONALIZACION,RUT,Rutinas y personalizacion,Se valora que el contenido de las rutinas pueda ampliarse o ajustarse con el tiempo.,RF,El sistema deberá permitir modificar el contenido de las rutinas asignadas por personal autorizado.,No,,Alta,Ponce_revision,Énfasis en actualización del contenido.
WALK-NTEC-01-F006,WALK-NTEC-01,No tecnico,Instructor/entrenador,WALK-NTEC-01_Transcripcion_Anonimizada.txt,15:09-15:36,...eso de cancelación no... no lo vi. Entonces... falta en esa parte...,ERR_SALIDA_FORMULARIO,USAB_RECUPERACION_ERRORES,ERR,Prevencion y recuperacion de errores,La interfaz necesita una salida explícita para abandonar un formulario sin confirmar cambios.,RF,Los formularios deberán ofrecer una acción visible para cancelar la operación sin guardar.,No,,Alta,Ponce_revision,Énfasis en prevención de guardado accidental.
WALK-NTEC-02-F002,WALK-NTEC-02,No tecnico,Recepcionista,WALK-NTEC-02_Transcripcion_Anonimizada.txt,10:21-11:51,"...podría cambiar para ver la diferencia de los últimos 7 días a los 15 días, 1 mes, 2 meses... cómo ha crecido o caído los ingresos...",REP_FILTRO_PERIODO,INFO_DASHBOARD,REP,Reportes y dashboard,La comparación por periodos se interpreta como un filtro necesario para análisis del dashboard.,RF,El dashboard deberá permitir seleccionar intervalos temporales para comparar la evolución de ingresos.,No,,Alta,Ponce_revision,Énfasis en filtro temporal.
WALK-NTEC-02-F006,WALK-NTEC-02,No tecnico,Recepcionista,WALK-NTEC-02_Transcripcion_Anonimizada.txt,14:34-15:02,...todo ha sido fácil de entender hasta ahora.,USAB_INTUITIVA,USAB_NAVEGACION_CLARA,USAB,Usabilidad y navegacion,La afirmación de facilidad se interpreta como percepción de navegación intuitiva.,RNF,La navegación deberá ser comprensible para personal no técnico con una inducción mínima.,No,,Media,Ponce_revision,"Difiere de Mora: lo clasifica como usabilidad, no como claridad informativa."
WALK-NTEC-03-F003,WALK-NTEC-03,No tecnico,Dueno del gimnasio,WALK-NTEC-03_Transcripcion_Anonimizada.txt,12:33-13:05,Las rutinas... ¿son visualizadas de forma general... o puedo especificar...? ...me parece mejor así... para cada persona.,RUT_ASIGNACION_INDIVIDUAL,RUT_PERSONALIZACION,RUT,Rutinas y personalizacion,La posibilidad de especificar una rutina por persona confirma la necesidad de asignación individual.,RF,El sistema deberá permitir asignar rutinas individualizadas a clientes específicos.,Si,Personalizacion/transparencia,Media,Ponce_revision,Énfasis en asignación individual.
WALK-NTEC-03-F009,WALK-NTEC-03,No tecnico,Dueno del gimnasio,WALK-NTEC-03_Transcripcion_Anonimizada.txt,20:01-21:30,"...para el trabajo diario... está completo, solo habría que ver... cómo se va a visualizar en el celular si no se satura...",UI_MOVIL_LEGIBILIDAD,PERS_ADAPTABILIDAD,ADAP,Adaptabilidad y visualizacion,La visualización móvil debe conservar legibilidad y evitar saturación de contenido.,RNF,La interfaz deberá conservar legibilidad y operabilidad en pantallas móviles.,No,,Alta,Ponce_revision,Énfasis en legibilidad móvil.
WALK-TEC-01-F003,WALK-TEC-01,Tecnico,Ingenieria de software,WALK-TEC-01_Transcripcion_Anonimizada.txt,10:23-11:28,...debería visualizar... la lista... observaciones... fecha y hora... un registro previo... ¿dónde yo veo... mi propia rutina?... tener un registro...,RUT_HISTORIAL_CLIENTE,RUT_CONSULTA_HISTORIAL,RUT,Rutinas y personalizacion,El usuario requiere un registro consultable de rutinas anteriores y actuales.,RF,El cliente deberá poder consultar la rutina vigente y registros históricos de rutinas previas.,Si,Accesibilidad/transparencia,Alta,Ponce_revision,Énfasis en acceso al historial.
WALK-TEC-01-F008,WALK-TEC-01,Tecnico,Ingenieria de software,WALK-TEC-01_Transcripcion_Anonimizada.txt,16:40-17:07,...tiene que haber un teléfono para contactar... el WhatsApp sí.,COM_CONTACTO_WHATSAPP,COM_CANALES,COM,Comunicacion,Se identifica WhatsApp como canal operativo para contactar al cliente.,RF,El sistema deberá registrar un medio de contacto utilizable para comunicación operativa con el cliente.,No,,Alta,Ponce_revision,Canal de comunicación.
WALK-TEC-01-F013,WALK-TEC-01,Tecnico,Ingenieria de software,WALK-TEC-01_Transcripcion_Anonimizada.txt,21:08-21:48,...yo como cliente necesito ver si he pagado... si en la plataforma está registrada que pagué o no pagué...,CLI_VER_PAGOS,CLI_ESTADO_PAGO,CLI,"Clientes, membresias y pagos",El cliente necesita comprobar el estado de sus pagos dentro de la plataforma.,RF,El cliente deberá visualizar si sus pagos y membresías están vigentes o pendientes.,No,,Alta,Ponce_revision,Consulta de estado financiero del cliente.
WALK-TEC-02-F003,WALK-TEC-02,Tecnico,Ingenieria de software y bases de datos,WALK-TEC-02_Transcripcion_Anonimizada.txt,09:16-10:44,"...con pocos roles, no hace falta hacer todo ese proceso... el administrador ingresa y crea el usuario nuevo y le asigna el rol...",SEG_GESTION_ROLES,SEG_ROLES,SEG_ROL,Roles y acceso,La creación de usuarios y asignación de roles se centraliza en el administrador.,RF,El administrador deberá crear usuarios internos y asignarles un rol autorizado.,No,,Alta,Ponce_revision,Administración de roles.
WALK-TEC-02-F008,WALK-TEC-02,Tecnico,Ingenieria de software y bases de datos,WALK-TEC-02_Transcripcion_Anonimizada.txt,15:58-16:23,...cada cliente tenga su rutina y que la pueda verificar... el entrenador pueda revisar... la valida.,RUT_REVISION_HUMANA,RUT_ORIGEN_VALIDACION,RUT,Rutinas y personalizacion,El entrenador debe poder revisar y validar la rutina antes de considerarla aprobada.,RNF,Toda rutina propuesta deberá indicar su estado de revisión y permitir validación humana.,Si,Procedencia/validacion,Alta,Ponce_revision,Supervisión humana explícita.
WALK-TEC-02-F014,WALK-TEC-02,Tecnico,Ingenieria de software y bases de datos,WALK-TEC-02_Transcripcion_Anonimizada.txt,21:49-22:35,...colores y... palabras está muy bien... intuitivo... tienen notas de uso... estadísticas... bastante usable.,INF_NOTAS_CONTEXTO,INFO_PRIORIZACION_INFORMACION,INFO,Claridad e informacion,Las notas de uso y estadísticas se interpretan principalmente como apoyo informativo para comprender la interfaz.,RNF,Las vistas deberán presentar notas contextuales y datos relevantes de forma clara y comprensible.,No,,Alta,Ponce_revision,Difiere de Mora: lo clasifica como claridad e información.
WALK-TEC-03-F003,WALK-TEC-03,Tecnico,Ingenieria de software,WALK-TEC-03_Transcripcion_Anonimizada.txt,10:05-11:20,...pregunta de seguridad... lista predefinida... no recomendable... manual...,SEG_PREGUNTA_PREDEFINIDA,SEG_SEGURIDAD_ACCESO,SEG_AUD,Seguridad y trazabilidad operativa,Se prefiere una lista controlada de preguntas de seguridad para evitar entradas ambiguas.,RF,El sistema deberá ofrecer preguntas de seguridad seleccionables desde una lista predefinida.,No,,Alta,Ponce_revision,Control de seguridad.
WALK-TEC-03-F008,WALK-TEC-03,Tecnico,Ingenieria de software,WALK-TEC-03_Transcripcion_Anonimizada.txt,20:30-21:30,...Ventas... directamente... registrar una venta... botón... historial; es un paso de más que se puede ahorrar.,USAB_PRIORIZAR_VENTA,USAB_EFICIENCIA_FLUJO,USAB,Usabilidad y navegacion,Registrar una venta debe ser la acción primaria al entrar al módulo.,RF,El módulo Ventas deberá priorizar la acción Registrar venta y mantener el historial como opción secundaria.,No,,Alta,Ponce_revision,Eficiencia del flujo.
WALK-TEC-03-F013,WALK-TEC-03,Tecnico,Ingenieria de software,WALK-TEC-03_Transcripcion_Anonimizada.txt,31:00-32:30,...manualmente... en una hora pico... demasiado lento. Lo recomendable es automático... si falla... registrarlos manualmente...,ASIS_AUTO_RESPALDO,ASIS_AUTOMATIZACION,ASIS,Asistencia y automatizacion,El registro automático debe ser el modo principal y el manual un respaldo ante indisponibilidad.,RF,El sistema deberá registrar asistencia automáticamente y permitir registro manual de contingencia.,No,,Alta,Ponce_revision,Automatización con fallback.
WALK-TEC-03-F018,WALK-TEC-03,Tecnico,Ingenieria de software,WALK-TEC-03_Transcripcion_Anonimizada.txt,41:00-43:00,...corrección general es manejar mejor el tema de colores... las tarjetas no se identifican directamente.,USAB_CONTRASTE_TARJETAS,USAB_CONTRASTE_VISUAL,USAB,Usabilidad y navegacion,La falta de contraste dificulta distinguir tarjetas y controles durante la navegación.,RNF,"La interfaz deberá usar contraste suficiente para distinguir tarjetas, controles y acciones.",No,,Alta,Ponce_revision,Difiere de Mora: lo clasifica como usabilidad y navegación.
