Codigo,Tipo_codigo,Tema,Definicion_operativa,Criterio_inclusion,Criterio_exclusion,Fragmentos,Entrevistas,Requisitos_relacionados,Incluir_en_saturacion,Estado
CENTRALIZACION_CONSULTA,CODIGO_TEMATICO,Centralización y calidad de registros,"Necesidad de consultar y controlar información operativa desde un único punto, evitando búsquedas y tareas fragmentadas.","Incluir fragmentos que expresen necesidad de consulta unificada, búsqueda rápida o acceso desde un único punto.",Excluir menciones generales a herramientas si no existe problema de consulta o centralización.,5,ENTR-02;ENTR-03;ENTR-05;ENTR-06;ENTR-08,RF-ASI-01;RF-ASI-02;RF-CAJ-01;RF-CLI-02;RF-INV-03;RF-MEM-02;RF-MEM-03;RF-PAG-01;RF-REP-01;RF-RUT-01;RF-VEN-01,Sí,CONSOLIDADO
CIERRE_CAJA_TURNO,CODIGO_TEMATICO,"Operación financiera, ventas e inventario","Cierre, conciliación y entrega de turno con pagos, ventas, efectivo, comprobantes, diferencias y novedades.","Incluir cierre, conciliación, entrega de turno, arqueo, comprobantes o diferencias de caja.",Excluir registros de pagos aislados que no involucren cierre o conciliación.,4,ENTR-02;ENTR-03;ENTR-04,RF-CAJ-01;RF-NOV-01;RF-VEN-01,Sí,CONSOLIDADO
CONTINUIDAD_OPERATIVA,CODIGO_TEMATICO,"Comunicación, reportes y continuidad","Condiciones de servicio, equipos, limpieza y atención que afectan la continuidad de la operación.","Incluir condiciones de limpieza, equipos, atención u organización que sostienen la operación diaria.",Excluir preferencias estéticas sin impacto operativo.,1,ENTR-05,RF-REP-01,Sí,CONSOLIDADO
CONTROL_ACCESO_ROLES,CODIGO_TEMATICO,"Seguridad, privacidad y límites éticos","Restricción de funciones, datos e historial según roles y autorización.","Incluir restricciones de acceso, permisos por cargo, usuarios individuales o auditoría de cambios.",Excluir controles físicos de ingreso por vigencia de membresía.,3,ENTR-02;ENTR-03;ENTR-08,RF-AUT-01;RF-AUT-02;RF-AUT-03;RF-CAJ-01,Sí,CONSOLIDADO
CONTROL_INVENTARIO_VENTAS,CODIGO_TEMATICO,"Operación financiera, ventas e inventario","Control formal de productos, existencias, reposición y ventas.","Incluir existencias, reposición, productos agotados o necesidad de inventario formal.",Excluir ventas aisladas sin relación con existencias.,1,ENTR-01,RF-INV-02;RF-INV-03,Sí,CONSOLIDADO
CONTROL_VIGENCIA_ACCESO,CODIGO_TEMATICO,"Clientes, membresías y acceso","Consulta, alerta y validación de la vigencia de membresías para autorizar o resolver el ingreso.","Incluir consulta de vencimiento, alertas, autorización o bloqueo de ingreso por membresía.",Excluir problemas de pago sin efecto sobre vigencia o acceso.,7,ENTR-01;ENTR-03;ENTR-04;ENTR-07;ENTR-08,RF-ASI-01;RF-MEM-03;RF-MEM-04;RF-PAG-01;RF-PAG-02,Sí,CONSOLIDADO
EXCLUSION_DATOS_SENSIBLES,RESTRICCION_ETICA_DISENO,"Seguridad, privacidad y límites éticos","Exclusión del prototipo de biometría, salud, peso u otros datos sensibles reales.","Incluir decisiones de no incorporar biometría, salud u otros datos sensibles reales en el prototipo.",Excluir necesidades operativas ordinarias de datos básicos.,2,ENTR-06;ENTR-07,RD-PRI-01,No,CONSOLIDADO
GESTION_CLIENTES_MEMBRESIAS,CODIGO_TEMATICO,"Clientes, membresías y acceso","Altas, planes, renovaciones, reactivaciones y prevención de registros duplicados de clientes y membresías.","Incluir alta, reactivación, planes, renovaciones, duplicidad o historial de clientes.",Excluir consultas rápidas que no impliquen administración del registro.,4,ENTR-01;ENTR-03;ENTR-04;ENTR-05,RF-CLI-01;RF-CLI-03;RF-MEM-01;RF-MEM-02;RF-MEM-04;RF-PAG-01,Sí,CONSOLIDADO
GESTION_INSTRUCTORES,CODIGO_TEMATICO,Rutinas e instructores,"Disponibilidad, horarios, asignación y capacidad de atención de instructores.","Incluir horarios, disponibilidad, asignación, puntualidad o capacidad de atención de entrenadores.",Excluir el contenido técnico de las rutinas.,3,ENTR-07;ENTR-09;ENTR-10,RF-INS-01;RF-RUT-01,Sí,CONSOLIDADO
GESTION_NOVEDADES,CODIGO_TEMATICO,"Comunicación, reportes y continuidad","Registro de novedades con responsable, estado, seguimiento y consulta posterior.","Incluir novedades, pendientes, responsables, estados y seguimiento entre turnos o áreas.",Excluir mensajes informativos sin acción pendiente.,3,ENTR-02;ENTR-03;ENTR-04,RF-CLI-02;RF-NOV-01,Sí,CONSOLIDADO
GESTION_PAGOS,CODIGO_TEMATICO,"Operación financiera, ventas e inventario","Registro, comprobación, conciliación y resolución de pagos o comprobantes pendientes.","Incluir registro, confirmación, comprobantes, transferencias, pagos pendientes o conciliación de cobros.",Excluir cierres globales de caja si el foco es el turno completo.,3,ENTR-02;ENTR-03;ENTR-08,RF-MEM-02;RF-PAG-01;RF-PAG-02;RF-VEN-01,Sí,CONSOLIDADO
GESTION_RUTINAS,CODIGO_TEMATICO,Rutinas e instructores,"Creación, consulta y adaptación de rutinas con parámetros operativos no sensibles.","Incluir creación, consulta o adaptación inicial de rutinas y parámetros de entrenamiento.","Excluir seguimiento histórico o ajustes posteriores, que corresponden a SEGUIMIENTO_RUTINAS.",2,ENTR-09;ENTR-10,RD-PRI-01;RF-RUT-01;RF-RUT-02,Sí,CONSOLIDADO
IA_FUERA_ALCANCE,MEMO_DE_ALCANCE,"Seguridad, privacidad y límites éticos",La inteligencia artificial aparece como sugerencia no confirmada o no autorizada y se mantiene fuera del alcance.,"Incluir memos que documenten que la IA fue sugerida, pero no confirmada ni autorizada como requisito.",Excluir necesidades expresadas directamente por stakeholders y funciones ya aprobadas.,1,ENTR-06,RD-IA-01,No,CONSOLIDADO
INTEGRIDAD_TRANSACCIONAL,CODIGO_TEMATICO,"Operación financiera, ventas e inventario","Actualización coherente entre operaciones relacionadas, como venta-stock, pago-membresía o stock-caja.","Incluir operaciones que deben actualizar simultáneamente dos registros relacionados, como venta-stock o pago-membresía.",Excluir problemas de consulta que no impliquen consistencia entre operaciones.,4,ENTR-02;ENTR-04;ENTR-07,RF-CAJ-01;RF-INV-02;RF-INV-03;RF-MEM-02;RF-PAG-01;RF-VEN-01,Sí,CONSOLIDADO
PRIVACIDAD_MINIMIZACION,CODIGO_TEMATICO,"Seguridad, privacidad y límites éticos",Recolección y tratamiento únicamente de los datos personales necesarios.,"Incluir recolección mínima, confidencialidad y tratamiento necesario de datos personales.","Excluir permisos funcionales por rol, salvo que el foco sea la minimización de datos.",1,ENTR-08,RF-CLI-01;RNF-SEG-02,Sí,CONSOLIDADO
REGISTROS_DISPERSOS,CODIGO_TEMATICO,Centralización y calidad de registros,"El mismo proceso se distribuye entre papel, Excel, WhatsApp u otras fuentes, generando duplicidad, omisiones o pérdida de trazabilidad.","Incluir información distribuida entre papel, Excel, WhatsApp, notas u otras fuentes con riesgo de duplicidad u omisión.",Excluir el uso de varias herramientas cuando no genera problema evidenciado.,6,ENTR-01;ENTR-02;ENTR-05;ENTR-06;ENTR-07;ENTR-09,RF-ASI-02;RF-CAJ-01;RF-CLI-01;RF-CLI-03;RF-INV-01;RF-INV-02;RF-NOV-01;RF-REP-01;RF-RUT-01;RF-RUT-02,Sí,CONSOLIDADO
REPORTES_DECISION,CODIGO_TEMATICO,"Comunicación, reportes y continuidad","Uso de resúmenes, paneles e informes para apoyar decisiones operativas o administrativas.","Incluir resúmenes, paneles, indicadores o informes utilizados para controlar y decidir.",Excluir simples consultas individuales sin finalidad de decisión.,5,ENTR-01;ENTR-05;ENTR-06;ENTR-07;ENTR-09,RF-INV-03;RF-REP-01;RF-RUT-02;RF-RUT-03,Sí,CONSOLIDADO
SEGUIMIENTO_RUTINAS,CODIGO_TEMATICO,Rutinas e instructores,"Versionado, observaciones, indicaciones y ajustes de rutinas según el seguimiento operativo.","Incluir historial de cargas, observaciones, progreso, ajustes, constancia o versionado de rutinas.",Excluir la creación inicial de una rutina sin seguimiento temporal.,4,ENTR-09;ENTR-10,RF-ASI-02;RF-RUT-02;RF-RUT-03,Sí,CONSOLIDADO
